id,form,nameFr,nameEn,generation,type1,type2
6,MX,Dracaufeu - Méga-Évolution X,Charizard - Mega-X,1,Feu,Dragon
6,MY,Dracaufeu - Méga-Évolution Y,Charizard - Mega-Y,1,Feu,Vol
113,,Leveinard,Chansey,1,Normal,
115,M,Kangourex - Méga-Évolution,Kangaskhan - Mega,1,Normal,
129,,Magicarpe,Magikarp,1,Eau,
260,M,Laggron - Méga-Évolution,Swampert - Mega,3,Eau,Sol
302,M,Ténéfix - Méga-Évolution,Sableye - Mega,3,Ténèbres,Spectre
303,M,Mysdibule - Méga-Évolution,Mawile - Mega,3,Acier,Fée
308,M,Charmina - Méga-Évolution,Medicham - Mega,3,Combat,Psy
376,M,Métalosse - Méga-Évolution,Metagross - Mega,3,Acier,Psy
490,,Manaphy,Manaphy,4,Eau,
491,,Darkrai,Darkrai,4,Ténèbres,
494,,Victini,Victini,4,Psy,Feu
645,,Démétéros - Forme Avatar,Landorus,5,Sol,Vol
645,T,Démétéros - Forme Totémique,Landorus - Therian,5,Sol,Vol
646,N,Kyurem - Noir,Kyurem Black,5,Dragon,Glace
649,,Genesect,Genesect,5,Insecte,Acier
681,P,Exagide - Forme Parade,Aegislash - Shield Forme,6,Acier,Spectre
681,A,Exagide - Forme Assaut,Aegislash - Blade Forme,6,Acier,Spectre
718,C,Zygarde,Zygarde,6,Dragon,Sol
719,M,Diancie - Méga-Évolution,Diancie - Mega,6,Roche,Fée
720,E,Hoopa - Forme Enchaînée,Hoopa,6,Psy,Spectre
720,D,Hoopa - Forme Déchaînée,Hoopa - Unbound,6,Psy,Ténèbres
786,,Tokopiyon,Tapu Lele,7,Psy,Fée
795,,Cancrelove,Pheromosa,7,Insecte,Combat
798,,Katagami,Kartana,7,Plante,Acier
801,,Magearna,Magearna,7,Acier,Fée
3,M,Florizarre - Méga-Évolution,Venusaur - Mega,1,Plante,Poison
36,,Mélodelfe,Clefable,1,Fée,
51,,Triopikeur,Dugtrio,1,Sol,
65,M,Alakazam - Méga-Évolution,Alakazam - Mega,1,Psy,
80,M,Flagadoss - Méga-Évolution,Slowbro - Mega,1,Eau,Psy
94,,Ectoplasma,Gengar,1,Spectre,Poison
105,A,Ossatueur d'Alola,Marowak - Alola,1,Feu,Spectre
127,M,Scarabrute - Méga-Évolution,Pinsir - Mega,1,Insecte,Vol
130,M,Léviator - Méga-Évolution,Gyarados-Mega,1,Eau,Ténèbres
145,,Électhor,Zapdos,1,Electrik,Vol
149,,Dracolosse,Dragonite,1,Dragon,Vol
151,,Mew,Mew,1,Psy,
184,,Azumarill,Azumarill,2,Eau,Fée
212,M,Cizayox - Méga-Évolution,Scizor - Mega,2,Insecte,Acier
214,M,Scarhino - Méga-Évolution,Heracross - Mega,2,Insecte,Combat
245,,Suicune,Suicune,2,Eau,
248,,Tyranocif,Tyranitar,2,Roche,Ténèbres
248,M,Tyranocif - Méga-Évolution,Tyranitar - Mega,2,Roche,Ténèbres
251,,Celebi,Celebi,2,Psy,Plante
282,M,Gardevoir - Méga-Évolution,Gardevoir - Mega,3,Psy,Fée
310,M,Élecsprint - Méga-Évolution,Manectric - Mega,3,Electrik,
373,,Drattak,Salamence,3,Dragon,Vol
380,M,Latias - Méga-Évolution,Latias - Mega,3,Dragon,Psy
381,,Latios,Latios,3,Dragon,Psy
381,M,Latios - Méga-Évolution,Latios - Mega,3,Dragon,Psy
385,,Jirachi,Jirachi,3,Acier,Psy
428,M,Lockpin - Méga-Évolution,Lopunny - Mega,4,Normal,Combat
445,,Carchacrok,Garchomp,4,Dragon,Sol
445,M,Carchacrok - Méga-Évolution,Garchomp - Mega,4,Dragon,Sol
461,,Dimoret,Weavile,4,Ténèbres,Glace
474,,Porygon-Z,Porygon-Z,4,Normal,
475,M,Gallame - Méga-Évolution,Gallade-Mega,4,Psy,Combat
485,,Heatran,Heatran,4,Feu,Acier
492,T,Shaymin - Forme Terrestre,Shaymin - Land Forme,4,Plante,
497,,Majaspic,Serperior,5,Plante,
530,,Minotaupe,Excadrill,5,Sol,Acier
545,,Brutapode,Scolipede,5,Insecte,Poison
598,,Noacier,Ferrothorn,5,Plante,Acier
625,,Scalproie,Bisharp,5,Ténèbres,Acier
635,,Trioxhydre,Hydreigon,5,Ténèbres,Dragon
637,,Pyrax,Volcarona,5,Insecte,Feu
639,,Terrakium,Terrakion,5,Roche,Combat
641,T,Boréas - Forme Totémique,Tornadus - Therian,5,Vol,
642,,Fulguris - Forme Avatar,Thundurus,5,Electrik,Vol
647,,Keldeo - Aspect Normal,Keldeo,5,Eau,Combat
647,D,Keldeo - Aspect Décidé,Keldeo - Resolute,5,Eau,Combat
658,,Amphinobi,Greninja,6,Eau,Ténèbres
658,S,Amphinobi - Sachanobi,Ash - Greninja,6,Eau,Ténèbres
721,,Volcanion,Volcanion,6,Feu,Eau
748,,Prédastérie,Toxapex,7,Poison,Eau
778,,Mimiqui,Mimikyu,7,Spectre,Fée
785,,Tokorico,Tapu Koko,7,Electrik,Fée
787,,Tokotoro,Tapu Bulu,7,Plante,Fée
796,,Câblifère,Xurkitree,7,Electrik,
797,,Bamboiselle,Celesteela,7,Acier,Vol
9,M,Tortank - Méga-Évolution,Blastoise - Mega,1,Eau,
15,M,Dardargnan - Méga-Évolution,Beedrill - Mega,1,Insecte,Poison
18,M,Roucarnage - Méga-Évolution,Pidgeot - Mega,1,Normal,Vol
34,,Nidoking,Nidoking,1,Poison,Sol
38,A,Feunard d'Alola,Ninetales - Alola,1,Glace,Fée
65,,Alakazam,Alakazam,1,Psy,
121,,Staross,Starmie,1,Eau,Psy
130,,Léviator,Gyarados,1,Eau,Vol
132,,Métamorph,Ditto,1,Normal,
142,M,Ptéra - Méga-Évolution,Aerodactyl - Mega,1,Roche,Vol
212,,Cizayox,Scizor,2,Insecte,Acier
213,,Caratroc,Shuckle,2,Insecte,Roche
214,,Scarhino,Heracross,2,Insecte,Combat
227,,Airmure,Skarmory,2,Acier,Vol
229,M,Démolosse - Méga-Évolution,Houndoom - Mega,2,Ténèbres,Feu
230,,Hyporoi,Kingdra,2,Eau,Dragon
235,,Queulorior,Smeargle,2,Normal,
243,,Raikou,Raikou,2,Electrik,
244,,Entei,Entei,2,Feu,
279,,Bekipan,Pelipper,3,Eau,Vol
286,,Chapignon,Breloom,3,Plante,Combat
291,,Ninjask,Ninjask,3,Insecte,Vol
319,M,Sharpedo - Méga-Évolution,Sharpedo - Mega,3,Eau,Ténèbres
334,M,Altaria - Méga-Évolution,Altaria - Mega,3,Dragon,Fée
342,,Colhomard,Crawdaunt,3,Eau,Ténèbres
380,,Latias,Latias,3,Dragon,Psy
448,,Lucario,Lucario,4,Combat,Acier
450,,Hippodocus,Hippowdon,4,Sol,
462,,Magnézone,Magnezone,4,Electrik,Acier
465,,Bouldeneu,Tangrowth,4,Plante,
468,,Togekiss,Togekiss,4,Fée,Vol
472,,Scorvol,Gliscor,4,Sol,Vol
473,,Mammochon,Mamoswine,4,Glace,Sol
479,H,Motisma - Four,Rotom - Heat,4,Electrik,Feu
479,W,Motisma - Lavage,Rotom - Wash,4,Electrik,Eau
488,,Cresselia,Cresselia,4,Psy,
534,,Bétochef,Conkeldurr,5,Combat,
555,,Darumacho - Mode Normal,Darmanitan,5,Feu,
579,,Symbios,Reuniclus,5,Psy,
591,,Gaulet,Amoonguss,5,Plante,Poison
612,,Tranchodon,Haxorus,5,Dragon,
630,,Vaututrice,Mandibuzz,5,Ténèbres,Vol
638,,Cobaltium,Cobalion,5,Acier,Combat
641,,Boréas - Forme Avatar,Tornadus,5,Vol,
642,T,Fulguris - Forme Totémique,Fulguris - Therian,5,Electrik,Vol
646,,Kyurem,Kyurem,5,Dragon,Glace
660,,Excavarenne,Diggersby,6,Normal,Sol
700,,Nymphali,Sylveon,6,Fée,
701,,Brutalibré,Hawlucha,6,Combat,Vol
718,D,Zygarde - Forme 10%,Zygarde - 10%,6,Dragon,Sol
719,,Diancie,Diancie,6,Roche,Fée
743,,Rubombelle,Ribombee,7,Insecte,Fée
784,,Ékaïser,Kommo-o,7,Dragon,Combat
788,,Tokopisco,Tapu Fini,7,Eau,Fée
793,,Zéroïd,Nihilego,7,Roche,Poison
794,,Mouscoto,Buzzwole,7,Insecte,Combat
576,,Sidérella,Gothitelle,5,Psy,
805,,Ama-Ama,Stakataka,7,Roche,Acier
806,,Pierroteknik,Blacephalon,7,Feu,Spectre
3,,Florizarre,Venusaur,1,Plante,Poison
9,,Tortank,Blastoise,1,Eau,
26,A,Raichu d'Alola,Raichu - Alola,1,Electrik,Psy
31,,Nidoqueen,Nidoqueen,1,Poison,Sol
38,,Feunard,Ninetales,1,Feu,
59,,Arcanin,Arcanine,1,Feu,
71,,Empiflor,Victreebel,1,Plante,Poison
73,,Tentacruel,Tentacruel,1,Eau,Poison
80,,Flagadoss,Slowbro,1,Eau,Psy
82,,Magnéton,Magneton,1,Electrik,Acier
89,A,Grotadmorv d'Alola,Muk - Alola,1,Poison,Ténèbres
91,,Crustabri,Cloyster,1,Eau,Glace
103,A,Noadkoko d'Alola,Exeggutor - Alola,1,Plante,Dragon
133,,Évoli,Eevee,1,Normal,
139,,Amonistar,Omastar,1,Roche,Eau
141,,Kabutops,Kabutops,1,Roche,Eau
143,,Ronflex,Snorlax,1,Normal,
146,,Sulfura,Moltres,1,Feu,Vol
160,,Aligatueur,Feraligatr,2,Eau,
169,,Nostenfer,Crobat,2,Poison,Vol
178,,Xatu,Xatu,2,Psy,Vol
181,M,Pharamp - Méga-Évolution,Ampharos -Mega,2,Electrik,Dragon
186,,Tarpaud,Politoed,2,Eau,
195,,Maraiste,Quagsire,2,Eau,Sol
196,,Mentali,Espeon,2,Psy,
197,,Noctali,Umbreon,2,Ténèbres,
199,,Roigada,Slowking,2,Eau,Psy
202,,Qulbutoké,Wobbuffet,2,Psy,
208,M,Steelix - Méga-Évolution,Steelix - Mega,2,Acier,Sol
226,,Démanta,Mantine,2,Eau,Vol
233,,Porygon2,Porygon2,2,Normal,
242,,Leuphorie,Blissey,2,Normal,
254,M,Jungko - Méga-Évolution,Sceptile - Mega,3,Plante,Dragon
260,,Laggron,Swampert,3,Eau,Sol
272,,Ludicolo,Ludicolo,3,Eau,Plante
306,M,Galeking - Méga-Évolution,Aggron -Mega,3,Acier,
319,,Sharpedo,Sharpedo,3,Eau,Ténèbres
323,M,Camérupt - Méga-Évolution,Camerupt - Mega,3,Feu,Sol
324,,Chartor,Torkoal,3,Feu,
330,,Libégon,Flygon,3,Sol,Dragon
350,,Milobellus,Milotic,3,Eau,
354,M,Branette - Méga-Évolution,Banette - Mega,3,Spectre,
359,M,Absol - Méga-Évolution,Absol - Mega,3,Ténèbres,
362,M,Oniglali - Méga-Évolution,Glalie - Mega,3,Glace,
367,,Serpang,Huntail,3,Eau,
368,,Rosabyss,Gorebyss,3,Eau,
376,,Métalosse,Metagross,3,Acier,Psy
392,,Simiabraz,Infernape,4,Feu,Combat
395,,Pingoléon,Empoleon,4,Eau,Acier
398,,Étouraptor,Staraptor,4,Normal,Vol
423,,Tritosor,Gastrodon,4,Eau,Sol
430,,Corboss,Honchkrow,4,Ténèbres,Vol
454,,Coatox,Toxicroak,4,Poison,Combat
460,M,Blizzaroi - Méga-Évolution,Abomasnow - Mega,4,Plante,Glace
475,,Gallame,Gallade,4,Psy,Combat
479,M,Motisma - Tondeuse,Rotom - Mow,4,Electrik,Plante
480,,Créhelf,Uxie,4,Psy,
482,,Créfadet,Azelf,4,Psy,
500,,Roitiflam,Emboar,5,Feu,Combat
547,,Farfaduvet,Whimsicott,5,Plante,Fée
553,,Crocorible,Krookodile,5,Sol,Ténèbres
555,T,Darumacho - Mode Transe,Darmanitan - Zen Mode,5,Feu,Psy
565,,Mégapagos,Carracosta,5,Eau,Roche
571,,Zoroark,Zoroark,5,Ténèbres,
593,,Moyade,Jellicent,5,Eau,Spectre
594,,Mamanbo,Alomomola,5,Eau,
596,,Mygavolt,Galvantula,5,Insecte,Electrik
609,,Lugulabre,Chandelure,5,Spectre,Feu
620,,Shaofouine,Mienshao,5,Combat,
621,,Drakkarmin,Druddigon,5,Dragon,
640,,Viridium,Virizion,5,Plante,Combat
648,C,Meloetta - Forme Chant,Meloetta - Aria Form,5,Normal,Psy
648,D,Meloetta - Forme Danse,Meloetta - Pirouette Form,5,Normal,Combat
652,,Blindépique,Chesnaught,6,Plante,Combat
663,,Flambusard,Talonflame,6,Feu,Vol
671,,Florges,Florges,6,Fée,
675,,Pandarbare,Pangoro,6,Combat,Ténèbres
680,,Dimoclès,Doublade,6,Acier,Spectre
685,,Cupcanaille,Slurpuff,6,Fée,
689,,Golgopathe,Barbaracle,6,Roche,Eau
691,,Kravarech,Dragalge,6,Poison,Dragon
697,,Rexillius,Tyrantrum,6,Roche,Dragon
707,,Trousselin,Klefki,6,Acier,Fée
730,,Oratoria,Primarina,7,Eau,Fée
745,D,Lougaroc - Forme Diurne,Lycanroc - Midday Form,7,Roche,
752,,Tarenbulle,Araquanid,7,Eau,Insecte
760,,Chelours,Bewear,7,Normal,Combat
745,C,Lougaroc - Forme Crépuscule,Lycanroc - Midnight Form,7,Roche,
6,,Dracaufeu,Charizard,1,Feu,Vol
20,,Rattatac,Raticate,1,Normal,
20,A,Rattatac d'Alola,Raticate - Alola,1,Ténèbres,Normal
24,,Arbok,Arbok,1,Poison,
28,,Sablaireau,Sandslash,1,Sol,
28,A,Sablaireau d'Alola,Sandslash - Alola,1,Glace,Acier
35,,Mélofée,Clefairy,1,Fée,
40,,Grodoudou,Wigglytuff,1,Normal,Fée
42,,Nosferalto,Golbat,1,Poison,Vol
49,,Aéromite,Venomoth,1,Insecte,Poison
50,,Taupiqueur,Diglett,1,Sol,
51,A,Triopikeur d'Alola,Dugtrio - Alola,1,Sol,Acier
53,A,Persian d'Alola,Persian - Alola,1,Ténèbres,
57,,Colossinge,Primeape,1,Combat,
62,,Tartard,Poliwrath,1,Eau,Combat
64,,Kadabra,Kadabra,1,Psy,
68,,Mackogneur,Machamp,1,Combat,
76,,Grolem,Golem,1,Roche,Sol
76,A,Grolem d'Alola,Golem - Alola,1,Roche,Electrik
78,,Galopa,Rapisadh,1,Feu,
89,,Grotadmorv,Muk,1,Poison,
97,,Hypnomade,Hypno,1,Psy,
103,,Noadkoko,Exeggutor,1,Plante,Psy
105,,Ossatueur,Marowak,1,Sol,
106,,Kicklee,Hitmonlee,1,Combat,
110,,Smogogo,Weezing,1,Poison,
114,,Saquedeneu,Tangela,1,Plante,
128,,Tauros,Tauros,1,Normal,
131,,Lokhlass,Lapras,1,Eau,Glace
134,,Aquali,Vaporeon,1,Eau,
135,,Voltali,Jolteon,1,Electrik,
142,,Ptéra,Aerodactyl,1,Roche,Vol
144,,Artikodin,Articuno,1,Glace,Vol
157,,Typhlosion,Typhlosion,2,Feu,
171,,Lanturn,Lanturn,2,Eau,Electrik
176,,Togetic,Togetic,2,Fée,Vol
205,,Foretress,Foretress,2,Insecte,Acier
207,,Scorplane,Gligar,2,Sol,Vol
208,,Steelix,Steelix,2,Acier,Sol
211,,Qwilfish,Qwilfish,2,Eau,Poison
215,,Farfuret,Sneasel,2,Ténèbres,Glace
217,,Ursaring,Ursaring,2,Normal,
221,,Cochignon,Piloswine,2,Glace,Sol
229,,Démolosse,Houndoom,2,Ténèbres,Feu
232,,Donphan,Donphan,2,Sol,
237,,Kapoera,Hitmontop,2,Combat,
241,,Écrémeuh,Miltank,2,Normal,
254,,Jungko,Sceptile,3,Plante,
256,,Galifeu,Combusken,3,Feu,Combat
264,,Linéon,Linoone,3,Normal,
275,,Tengalice,Shiftry,3,Plante,Ténèbres
277,,Hélédelle,Swellow,3,Normal,Vol
282,,Gardevoir,Gardevoir,3,Psy,Fée
284,,Maskadra,Masquerain,3,Insecte,Vol
289,,Monaflèmit,Slaking,3,Normal,
295,,Brouhabam,Exploud,3,Normal,
297,,Hariyama,Hariyama,3,Combat,
302,,Ténéfix,Sableye,3,Ténèbres,Spectre
306,,Galeking,Aggron,3,Acier,Roche
308,,Charmina,Medicham,3,Combat,Psy
328,,Kraknoix,Trapinch,3,Sol,
332,,Cacturne,Cacturne,3,Plante,Ténèbres
334,,Altaria,Altaria,3,Dragon,Vol
335,,Mangriff,Zangoose,3,Normal,
356,,Téraclope,Dusclops,3,Spectre,
377,,Regirock,Regirock,3,Roche,
378,,Regice,Regice,3,Glace,
379,,Registeel,Registeel,3,Acier,
407,,Roserade,Roserade,4,Plante,Poison
409,,Charkos,Rampardos,4,Roche,
419,,Mustéflott,Floatzel,4,Eau,
437,,Archéodong,Bronzong,4,Acier,Psy
441,,Pijako,Chatot,4,Normal,Vol
452,,Drascore,Drapion,4,Poison,Ténèbres
460,,Blizzaroi,Abomasnow,4,Plante,Glace
464,,Rhinastoc,Rhyperior,4,Sol,Roche
466,,Élekable,Electivire,4,Electrik,
467,,Maganon,Magmortar,4,Feu,
469,,Yanmega,Yanmega,4,Insecte,Vol
477,,Noctunoir,Dusknoir,4,Spectre,
478,,Momartik,Froslass,4,Glace,Spectre
479,F,Motisma - Frigo,Rotom-Frost,4,Electrik,Glace
481,,Créfollet,Mesprit,4,Psy,
486,,Regigigas,Regigigas,4,Normal,
503,,Clamiral,Samurott,5,Eau,
508,,Mastouffe,Stoutland,5,Normal,
518,,Mushana,Musharna,5,Psy,
526,,Gigalithe,Gigalith,5,Roche,
528,,Rhinolove,Swoobat,5,Psy,Vol
531,M,Nanméouïe - Méga-Évolution,Audino - Mega,5,Normal,Fée
537,,Crapustule,Seismitoad,5,Eau,Sol
546,,Doudouvet,Cottonee,5,Plante,Fée
549,,Fragilady,Lilligant,5,Plante,
558,,Crabaraque,Crustle,5,Insecte,Roche
560,,Baggaïd,Scrafty,5,Ténèbres,Combat
561,,Cryptéro,Sigilyph,5,Psy,Vol
563,,Tutankafer,Cofagrigus,5,Spectre,
567,,Aéroptéryx,Archeops,5,Roche,Vol
569,,Miasmax,Garbodor,5,Poison,
573,,Pashmilla,Cinccino,5,Normal,
575,,Mesmérella,Gothorita,5,Psy,
578,,Méios,Duosion,5,Psy,
586,,Haydaim,Sawsbusk,5,Normal,Plante
589,,Lançargot,Escavalier,5,Insecte,Acier
604,,Ohmassacre,Eelektross,5,Electrik,
623,,Golemastoc,Golurk,5,Sol,Spectre
626,,Frison,Bouffalant,5,Normal,
628,,Gueriaigle,Braviary,5,Normal,Vol
632,,Fermite,Durant,5,Insecte,Acier
655,,Goupelin,Delphox,6,Feu,Psy
666,,Prismillon,Vivillon,6,Insecte,Vol
668,,Némélios,Pyroar,6,Feu,Normal
673,,Chevroum,Gogoat,6,Plante,
687,,Sepiatroce,Malamar,6,Ténèbres,Psy
693,,Gamblast,Clawitzer,6,Eau,
695,,Iguolta,Heliolisk,6,Electrik,Normal
703,,Strassie,Carbink,6,Roche,Fée
706,,Muplodocus,Goodra,6,Dragon,
711,,Banshitrouye - Taille Maxi,Gourgeist - Super Size,6,Spectre,Plante
711,,Banshitrouye - Taille Ultra,Gourgeist - Large Size,6,Spectre,Plante
713,,Séracrawl,Avalugg,6,Glace,
715,,Bruyverne,Noivern,6,Vol,Dragon
724,,Archéduc,Decidueye,7,Plante,Spectre
740,,Crabominable,Crabominable,7,Combat,Glace
758,,Malamandre,Salazzle,7,Poison,Feu
764,,Guérilande,Comfey,7,Fée,
768,,Sarmuraï,Golisopod,7,Insecte,Eau
771,,Concombaffe,Pyukumuku,7,Eau,
773,,Silvallié,Silvally,7,Normal,
774,,Météno,Minior - Meteor,7,Roche,Vol
774,,Météno - Exposé,Minior,7,Roche,Vol
779,,Denticrisse,Bruxish,7,Eau,Psy
780,,Draïeul,Drampa,7,Normal,Dragon
781,,Sinistrail,Dhelmise,7,Spectre,Plante
799,,Engloutyran,Guzzlord,7,Ténèbres,Dragon
800,,Necrozma,Necrozma,7,Psy,
1,,Bulbizarre,Bulbasaur,1,Plante,Poison
2,,Herbizarre,Ivysaur,1,Plante,Poison
4,,Salamèche,Charmander,1,Feu,
5,,Reptincel,Charmeleon,1,Feu,
7,,Carapuce,Squirtle,1,Eau,
8,,Carabaffe,Wartortle,1,Eau,
10,,Chenipan,Caterpie,1,Insecte,
11,,Chrysacier,Metapod,1,Insecte,
12,,Papilusion,Butterfree,1,Insecte,Vol
13,,Aspicot,Weedle,1,Insecte,Poison
14,,Coconfort,Kakuna,1,Insecte,Poison
15,,Dardargnan,Beedrill,1,Insecte,Poison
16,,Roucool,Pidgey,1,Normal,Vol
17,,Roucoups,Pidgeotto,1,Normal,Vol
18,,Roucarnage,Pidgeot,1,Normal,Vol
19,,Rattata,Rattata,1,Normal,
19,A,Rattata d'Alola,Rattata - Alola,1,Ténèbres,Normal
21,,Piafabec,Spearow,1,Normal,Vol
22,,Rapasdepic,Fearow,1,Normal,Vol
23,,Abo,Ekans,1,Poison,
25,,Pikachu,Pikachu,1,Electrik,
26,,Raichu,Raichu,1,Electrik,
27,,Sabelette,Sandshrew,1,Sol,
27,A,Sabelette d'Alola,Sandshrew - Alola,1,Glace,Acier
29,,NidoranF,Nidoran-F,1,Poison,
30,,Nidorina,Nidorina,1,Poison,
32,,NidoranM,Nidoran-M,1,Poison,
33,,Nidorino,Nidorino,1,Poison,
37,,Goupix,Vulpix,1,Feu,
37,A,Goupix d'Alola,Vulpix - Alola,1,Glace,
39,,Rondoudou,Jigglypuff,1,Normal,Fée
41,,Nosferapti,Zubat,1,Poison,Vol
43,,Mystherbe,Oddish,1,Plante,Poison
44,,Ortide,Gloom,1,Plante,Poison
45,,Rafflesia,Vileplume,1,Plante,Poison
46,,Paras,Paras,1,Insecte,Plante
47,,Parasect,Parasect,1,Insecte,Plante
48,,Mimitoss,Venonat,1,Insecte,Poison
50,A,Taupiqueur d'Alola,Diglett - Alola,1,Sol,Acier
52,,Miaouss,Meowth,1,Normal,
52,A,Miaouss d'Alola,Meowth - Alola,1,Ténèbres,
53,,Persian,Persian,1,Normal,
54,,Psykokwak,Psyduck,1,Eau,
55,,Akwakwak,Golduck,1,Eau,
56,,Férosinge,Mankey,1,Combat,
58,,Caninos,Growlithe,1,Feu,
60,,Ptitard,Poliwag,1,Eau,
61,,Têtarte,Poliwhirl,1,Eau,
63,,Abra,Abra,1,Psy,
66,,Machoc,Machop,1,Combat,
67,,Machopeur,Machoke,1,Combat,
69,,Chétiflor,Bellsprout,1,Plante,Poison
70,,Boustiflor,Weepinbell,1,Plante,Poison
72,,Tentacool,Tentacool,1,Eau,Poison
74,,Racaillou,Geodude,1,Roche,Sol
74,A,Racaillou d'Alola,Geodude - Alola,1,Roche,Electrik
75,,Gravalanch,Graveler,1,Roche,Sol
75,A,Gravalanche d'Alola,Graveler - Alola,1,Roche,Electrik
77,,Ponyta,Ponyta,1,Feu,
79,,Ramoloss,Slowpoke,1,Eau,Psy
81,,Magnéti,Magnemite,1,Electrik,Acier
83,,Canarticho,Farfetch'd,1,Normal,Vol
84,,Doduo,Doduo,1,Normal,Vol
85,,Dodrio,Dodrio,1,Normal,Vol
86,,Otaria,Seel,1,Eau,
87,,Lamantine,Dewgong,1,Eau,Glace
88,,Tadmorv,Grimer,1,Poison,
88,A,Tadmorv d'Alola,Grimer - Alola,1,Poison,Ténèbres
90,,Kokiyas,Shellder,1,Eau,
92,,Fantominus,Gastly,1,Spectre,Poison
93,,Spectrum,Haunter,1,Spectre,Poison
95,,Onix,Onix,1,Roche,Sol
96,,Soporifik,Drowzee,1,Psy,
98,,Krabby,Krabby,1,Eau,
99,,Krabboss,Kingler,1,Eau,
100,,Voltorbe,Voltorb,1,Electrik,
101,,Electrode,Electrode,1,Electrik,
102,,Noeunoeuf,Exeggcute,1,Plante,Psy
104,,Osselait,Cubone,1,Sol,
107,,Tygnon,Hitmonchan,1,Combat,
108,,Excelangue,Lickitung,1,Normal,
109,,Smogo,Koffing,1,Poison,
111,,Rhinocorne,Rhyhorn,1,Sol,Roche
112,,Rhinoféros,Rhydon,1,Sol,Roche
115,,Kangourex,Kangaskhan,1,Normal,
116,,Hypotrempe,Horsea,1,Eau,
117,,Hypocéan,Seadra,1,Eau,
118,,Poissirène,Goldeen,1,Eau,
119,,Poissoroy,Seaking,1,Eau,
120,,Stari,Staryu,1,Eau,
122,,M. Mime,Mr. Mime,1,Psy,Fée
123,,Insécateur,Scyther,1,Insecte,Vol
124,,Lippoutou,Jynx,1,Glace,Psy
125,,Élektek,Electabuzz,1,Electrik,
126,,Magmar,Magmar,1,Feu,
127,,Scarabrute,Pinsir,1,Insecte,
136,,Pyroli,Flareon,1,Feu,
137,,Porygon,Porygon,1,Normal,
138,,Amonita,Omanyte,1,Roche,Eau
140,,Kabuto,Kabuto,1,Roche,Eau
147,,Minidraco,Dratini,1,Dragon,
148,,Draco,Dragonair,1,Dragon,
152,,Germignon,Chikorita,2,Plante,
153,,Macronium,Bayleef,2,Plante,
154,,Méganium,Meganium,2,Plante,
155,,Héricendre,Cyndaquil,2,Feu,
156,,Feurisson,Quilava,2,Feu,
158,,Kaiminus,Totodile,2,Eau,
159,,Crocrodil,Croconaw,2,Eau,
161,,Fouinette,Sentret,2,Normal,
162,,Fouinar,Furret,2,Normal,
163,,Hoothoot,Hoothoot,2,Normal,Vol
164,,Noarfang,Noctowl,2,Normal,Vol
165,,Coxy,Ledyba,2,Insecte,Vol
166,,Coxyclaque,Ledian,2,Insecte,Vol
167,,Mimigal,Spinarak,2,Insecte,Poison
168,,Migalos,Ariados,2,Insecte,Poison
170,,Loupio,Chinchou,2,Eau,Electrik
172,,Pichu,Pichu,2,Electrik,
173,,Mélo,Cleffa,2,Fée,
174,,Toudoudou,Iggybuff,2,Normal,Fée
175,,Togepi,Togepi,2,Fée,
177,,Natu,Natu,2,Psy,Vol
179,,Wattouat,Mareep,2,Electrik,
180,,Lainergie,Flaafy,2,Electrik,
181,,Pharamp,Ampharos,2,Electrik,
182,,Joliflor,Bellossom,2,Plante,
183,,Marill,Marill,2,Eau,Fée
185,,Simularbre,Sudowoodo,2,Roche,
187,,Granivol,Hoppip,2,Plante,Vol
188,,Floravol,Skiploom,2,Plante,Vol
189,,Cotovol,Jumpluff,2,Plante,Vol
190,,Capumain,Aipom,2,Normal,
191,,Tournegrin,Sunkern,2,Plante,
192,,Héliatronc,Sunflora,2,Plante,
193,,Yanma,Yanma,2,Insecte,Vol
194,,Axoloto,Wooper,2,Eau,Sol
198,,Cornèbre,Murkrow,2,Ténèbres,Vol
200,,Feuforêve,Misdreavus,2,Spectre,
201,,Zarbi,Unown,2,Psy,
203,,Girafarig,Girafarig,2,Normal,Psy
204,,Pomdepik,Pineco,2,Insecte,
206,,Insolourdo,Dunsparce,2,Normal,
209,,Snubbull,Snubbull,2,Fée,
210,,Granbull,Granbull,2,Fée,
216,,Teddiursa,Teddiursa,2,Normal,
218,,Limagma,Slugma,2,Feu,
219,,Volcaropod,Magcargo,2,Feu,Roche
220,,Marcacrin,Swinub,2,Glace,Sol
222,,Corayon,Corsola,2,Eau,Roche
223,,Rémoraid,Remoraid,2,Eau,
224,,Octillery,Octillery,2,Eau,
225,,Cadoizo,Delibird,2,Glace,Vol
228,,Malosse,Houndour,2,Ténèbres,Feu
231,,Phanpy,Phanpy,2,Sol,
234,,Cerfrousse,Stantler,2,Normal,
236,,Debugant,Tyrogue,2,Combat,
238,,Lippouti,Smoochum,2,Glace,Psy
239,,Élekid,Elekid,2,Electrik,
240,,Magby,Magby,2,Feu,
246,,Embrylex,Larvitar,2,Roche,Sol
247,,Ymphect,Pupitar,2,Roche,Sol
252,,Arcko,Treecko,3,Plante,
253,,Massko,Grovyle,3,Plante,
255,,Poussifeu,Torchic,3,Feu,
258,,Gobou,Mudkip,3,Eau,
259,,Flobio,Marshtomp,3,Eau,Sol
261,,Medhyèna,Poochyena,3,Ténèbres,
262,,Grahyèna,Mightyena,3,Ténèbres,
263,,Zigzaton,Zigzagoon,3,Normal,
265,,Chenipotte,Wurmple,3,Insecte,
266,,Armulys,Silcoon,3,Insecte,
267,,Charmillon,Beautifly,3,Insecte,Vol
268,,Blindalys,Cascoon,3,Insecte,
269,,Papinox,Dustox,3,Insecte,Poison
270,,Nénupiot,Lotad,3,Eau,Plante
271,,Lombre,Lombre,3,Eau,Plante
273,,Grainipiot,Seedot,3,Plante,
274,,Pifeuil,Nuzleaf,3,Plante,Ténèbres
276,,Nirondelle,Taillow,3,Normal,Vol
278,,Goélise,Wingull,3,Eau,Vol
280,,Tarsal,Ralts,3,Psy,Fée
281,,Kirlia,Kirlia,3,Psy,Fée
283,,Arakdo,Surskit,3,Insecte,Eau
285,,Balignon,Shroomish,3,Plante,
287,,Parecool,Slakoth,3,Normal,
288,,Vigoroth,Vigoroth,3,Normal,
290,,Ningale,Nincada,3,Insecte,Sol
292,,Munja,Shedinja,3,Insecte,Spectre
293,,Chuchmur,Whismur,3,Normal,
294,,Ramboum,Loudred,3,Normal,
296,,Makuhita,Makuhita,3,Combat,
298,,Azurill,Azurill,3,Normal,Fée
299,,Tarinor,Nosepass,3,Roche,
300,,Skitty,Skitty,3,Normal,
301,,Delcatty,Delcatty,3,Normal,
303,,Mysdibule,Mawile,3,Acier,Fée
304,,Galekid,Aron,3,Acier,Roche
305,,Galegon,Lairon,3,Acier,Roche
307,,Méditikka,Meditite,3,Combat,Psy
309,,Dynavolt,Electrike,3,Electrik,
310,,Élecsprint,Manetric,3,Electrik,
311,,Posipi,Plusle,3,Electrik,
312,,Négapi,Minun,3,Electrik,
313,,Muciole,Volbeat,3,Insecte,
314,,Lumivole,Illumise,3,Insecte,
315,,Rosélia,Roselia,3,Plante,Poison
316,,Gloupti,Gulpin,3,Poison,
317,,Avaltout,Swalot,3,Poison,
318,,Carvanha,Carvanha,3,Eau,Ténèbres
320,,Wailmer,Wailmer,3,Eau,
321,,Wailord,Wailord,3,Eau,
322,,Chamallot,Numel,3,Feu,Sol
323,,Camérupt,Camerupt,3,Feu,Sol
325,,Spoink,Spoink,3,Psy,
326,,Groret,Grumpig,3,Psy,
327,,Spinda,Spinda,3,Normal,
329,,Vibraninf,Vibrava,3,Sol,Dragon
331,,Cacnea,Cacnea,3,Plante,
333,,Tylton,Swablu,3,Normal,Vol
336,,Séviper,Seviper,3,Poison,
337,,Séléroc,Lunatone,3,Roche,Psy
338,,Solaroc,Solrock,3,Roche,Psy
339,,Barloche,Barboach,3,Eau,Sol
340,,Barbicha,Whiscash,3,Eau,Sol
341,,Écrapince,Corphish,3,Eau,
343,,Balbuto,Baltoy,3,Sol,Psy
344,,Kaorine,Claydol,3,Sol,Psy
345,,Lilia,Lileep,3,Roche,Plante
346,,Vacilys,Cradily,3,Roche,Plante
347,,Anorith,Anorith,3,Roche,Insecte
348,,Armaldo,Armaldo,3,Roche,Insecte
349,,Barpau,Feebas,3,Eau,
351,,Morphéo,Castform,3,Normal,
351,S,Morphéo - Forme Solaire,Castform-Sunny,3,Feu,
351,P,Morphéo - Forme Eau de Pluie,Castform-Rainy,3,Eau,
351,N,Morphéo - Forme Blizzard,Castform-Snowy,3,Glace,
352,,Kecleon,Kecleon,3,Normal,
353,,Polichombr,Shuppet,3,Spectre,
354,,Branette,Banette,3,Spectre,
355,,Skelénox,Duskull,3,Spectre,
357,,Tropius,Tropius,3,Plante,Vol
358,,Éoko,Chimecho,3,Psy,
359,,Absol,Absol,3,Ténèbres,
360,,Okéoké,Wynaut,3,Psy,
361,,Stalgamin,Snorunt,3,Glace,
362,,Oniglali,Glalie,3,Glace,
363,,Obalie,Spheal,3,Glace,Eau
364,,Phogleur,Sealeo,3,Glace,Eau
365,,Kaimorse,Walrein,3,Glace,Eau
366,,Coquiperl,Clamperl,3,Eau,
369,,Relicanth,Relicanth,3,Eau,Roche
370,,Lovdisc,Luvdisc,3,Eau,
371,,Draby,Bagon,3,Dragon,
372,,Drackhaus,Shelgon,3,Dragon,
374,,Terhal,Beldum,3,Acier,Psy
375,,Métang,Metang,3,Acier,Psy
387,,Tortipouss,Turtwig,4,Plante,
388,,Boskara,Grotle,4,Plante,
389,,Torterra,Torterra,4,Plante,Sol
390,,Ouisticram,Chimchar,4,Feu,
391,,Chimpenfeu,Monferno,4,Feu,Combat
393,,Tiplouf,Piplup,4,Eau,
394,,Prinplouf,Prinplup,4,Eau,
396,,Étourmi,Starly,4,Normal,Vol
397,,Étourvol,Staravia,4,Normal,Vol
399,,Keunotor,Bidoof,4,Normal,
400,,Castorno,Bibarel,4,Normal,Eau
401,,Crikzik,Kricketot,4,Insecte,
402,,Mélokrik,Kricketune,4,Insecte,
403,,Lixy,Shinx,4,Electrik,
404,,Luxio,Luxio,4,Electrik,
405,,Luxray,Luxray,4,Electrik,
406,,Rozbouton,Budew,4,Plante,Poison
408,,Kranidos,Cranidos,4,Roche,
410,,Dinoclier,Shieldon,4,Roche,Acier
411,,Bastiodon,Bastiodon,4,Roche,Acier
412,,Cheniti,Burmy,4,Insecte,
413,P,Cheniselle - Cape Plante,Wormadam,4,Insecte,Plante
413,S,Cheniselle - Cape Sable,Wormadam-Sandy,4,Insecte,Sol
413,D,Cheniselle - Cape Déchet,Wormadam-Trash,4,Insecte,Acier
414,,Papilord,Mothim,4,Insecte,Vol
415,,Apitrini,Combee,4,Insecte,Vol
416,,Apireine,Vespiquen,4,Insecte,Vol
417,,Pachirisu,Pachirisu,4,Electrik,
418,,Mustébouée,Buizel,4,Eau,
420,,Ceribou,Cherubi,4,Plante,
421,,Ceriflor,Cherrim,4,Plante,
422,,Sancoki,Shellos,4,Eau,
424,,Capidextre,Ambipom,4,Normal,
425,,Baudrive,Drifloon,4,Spectre,Vol
426,,Grodrive,Drifblim,4,Spectre,Vol
427,,Laporeille,Buneary,4,Normal,
428,,Lockpin,Lopunny,4,Normal,
429,,Magirêve,Mismagius,4,Spectre,
431,,Chaglam,Glameow,4,Normal,
432,,Chaffreux,Purugly,4,Normal,
433,,Korillon,Chingling,4,Psy,
434,,Moufouette,Stunky,4,Poison,Ténèbres
435,,Moufflair,Skuntank,4,Poison,Ténèbres
436,,Archéomire,Bronzor,4,Acier,Psy
438,,Manzaï,Bonsly,4,Roche,
439,,Mime Jr.,Mime Jr.,4,Psy,Fée
440,,Ptiravi,Happiny,4,Normal,
442,,Spiritomb,Spiritomb,4,Spectre,Ténèbres
443,,Griknot,Gible,4,Dragon,Sol
444,,Carmache,Gabite,4,Dragon,Sol
446,,Goinfrex,Munchlax,4,Normal,
447,,Riolu,Riolu,4,Combat,
449,,Hippopotas,Hippopotas,4,Sol,
451,,Rapion,Skorupi,4,Poison,Insecte
453,,Cradopaud,Croagunk,4,Poison,Combat
455,,Vortente,Carnivine,4,Plante,
456,,Écayon,Finneon,4,Eau,
457,,Luminéon,Lumineon,4,Eau,
458,,Babimanta,Mantyke,4,Eau,Vol
459,,Blizzi,Snover,4,Plante,Glace
463,,Coudlangue,Lickilicky,4,Normal,
470,,Phyllali,Leafeon,4,Plante,
471,,Givrali,Glaceon,4,Glace,
476,,Tarinorme,Probopass,4,Roche,Acier
479,,Motisma,Rotom,4,Electrik,Spectre
479,E,Motisma - Ventilateur,Rotom-Fan,4,Electrik,Vol
489,,Phione,Phione,4,Eau,
495,,Vipélierre,Snivy,5,Plante,
496,,Lianaja,Servine,5,Plante,
498,,Gruikui,Tepig,5,Feu,
499,,Grotichon,Pignite,5,Feu,Combat
501,,Moustillon,Oshawott,5,Eau,
502,,Mateloutre,Dewott,5,Eau,
504,,Ratentif,Patrat,5,Normal,
505,,Miradar,Watchog,5,Normal,
506,,Ponchiot,Lillipup,5,Normal,
507,,Ponchien,Herdier,5,Normal,
509,,Chacripan,Purrloin,5,Ténèbres,
510,,Léopardus,Liepard,5,Ténèbres,
511,,Feuillajou,Pansage,5,Plante,
512,,Feuiloutan,Simisage,5,Plante,
513,,Flamajou,Pansear,5,Feu,
514,,Flamoutan,Simisear,5,Feu,
515,,Flotajou,Panpour,5,Eau,
516,,Flotoutan,Simipour,5,Eau,
517,,Munna,Munna,5,Psy,
519,,Poichigeon,Pidove,5,Normal,Vol
520,,Colombeau,Tranquill,5,Normal,Vol
521,,Déflaisan,Unfezant,5,Normal,Vol
522,,Zébibron,Blitzle,5,Electrik,
523,,Zéblitz,Zebstrika,5,Electrik,
524,,Nodulithe,Roggenrola,5,Roche,
525,,Géolithe,Boldore,5,Roche,
527,,Chovsourir,Woobat,5,Psy,Vol
529,,Rototaupe,Drillbur,5,Sol,
531,,Nanméouïe,Audino,5,Normal,
532,,Charpenti,Timburr,5,Combat,
533,,Ouvrifier,Gurdurr,5,Combat,
535,,Tritonde,Tympole,5,Eau,
536,,Batracné,Palpitoad,5,Eau,Sol
538,,Judokrak,Throh,5,Combat,
539,,Karaclée,Sawk,5,Combat,
540,,Larveyette,Sewaddle,5,Insecte,Plante
541,,Couverdure,Swadloon,5,Insecte,Plante
542,,Manternel,Leavanny,5,Insecte,Plante
543,,Venipatte,Venipede,5,Insecte,Poison
544,,Scobolide,Whirlipede,5,Insecte,Poison
548,,Chlorobule,Petilil,5,Plante,
550,,Bargantua,Basculin,5,Eau,
550,,Bargantua - Motif Bleu,Basculin-Blue-Striped,5,Eau,
551,,Mascaïman,Sandile,5,Sol,Ténèbres
552,,Escroco,Krokorok,5,Sol,Ténèbres
554,,Darumarond,Darumaka,5,Feu,
556,,Maracachi,Maractus,5,Plante,
557,,Crabicoque,Dwebble,5,Insecte,Roche
559,,Baggiguane,Scraggy,5,Ténèbres,Combat
562,,Tutafeh,Yamask,5,Spectre,
564,,Carapagos,Tirtouga,5,Eau,Roche
566,,Arkéapti,Archen,5,Roche,Vol
568,,Miamiasme,Trubbish,5,Poison,
570,,Zorua,Zorua,5,Ténèbres,
572,,Chinchidou,Minccino,5,Normal,
574,,Scrutella,Gothita,5,Psy,
577,,Nucléos,Solosis,5,Psy,
580,,Couaneton,Ducklett,5,Eau,Vol
581,,Lakmécygne,Swanna,5,Eau,Vol
582,,Sorbébé,Vanillite,5,Glace,
583,,Sorboul,Vanillish,5,Glace,
584,,Sorbouboul,Vanilluxe,5,Glace,
585,,Vivaldaim,Deerling,5,Normal,Plante
587,,Emolga,Emolga,5,Electrik,Vol
588,,Carabing,Karrablast,5,Insecte,
590,,Trompignon,Foongus,5,Plante,Poison
592,,Viskuse,Frillish,5,Eau,Spectre
595,,Statitik,Joltik,5,Insecte,Electrik
597,,Grindur,Ferroseed,5,Plante,Acier
599,,Tic,Klink,5,Acier,
600,,Clic,Klang,5,Acier,
601,,Cliticlic,Klinkklang,5,Acier,
602,,Anchwatt,Tynamo,5,Electrik,
603,,Lampéroie,Eelektrik,5,Electrik,
605,,Lewsor,Elgyem,5,Psy,
606,,Neitram,Beheeyem,5,Psy,
607,,Funécire,Litwick,5,Spectre,Feu
608,,Mélancolux,Lampent,5,Spectre,Feu
610,,Coupenotte,Axew,5,Dragon,
611,,Incisache,Fraxure,5,Dragon,
613,,Polarhume,Cubchoo,5,Glace,
614,,Polagriffe,Beartic,5,Glace,
615,,Hexagel,Cryogonal,5,Glace,
616,,Escargaume,Shelmet,5,Insecte,
617,,Limaspeed,Accelgor,5,Insecte,
618,,Limonde,Stunfisk,5,Sol,Electrik
619,,Kungfouine,Mienfoo,5,Combat,
622,,Gringolem,Golett,5,Sol,Spectre
624,,Scalpion,Pawniard,5,Ténèbres,Acier
627,,Furaiglon,Rufflet,5,Normal,Vol
629,,Vostourno,Vullaby,5,Ténèbres,Vol
631,,Aflamanoir,Heatmor,5,Feu,
633,,Solochi,Deino,5,Ténèbres,Dragon
634,,Diamat,Zweilous,5,Ténèbres,Dragon
636,,Pyronille,Larvesta,5,Insecte,Feu
650,,Marisson,Chespin,6,Plante,
651,,Boguérisse,Quilladin,6,Plante,
653,,Feunnec,Fennekin,6,Feu,
654,,Roussil,Braixen,6,Feu,
656,,Grenousse,Froakie,6,Eau,
657,,Croâporal,Frogadier,6,Eau,
659,,Sapereau,Bunnelby,6,Normal,
661,,Passerouge,Fletchling,6,Normal,Vol
662,,Braisillon,Fletchinder,6,Feu,Vol
664,,Lépidonille,Scatterbug,6,Insecte,
665,,Pérégrain,Spewpa,6,Insecte,
667,,Hélionceau,Litleo,6,Feu,Normal
669,,Flabébé,Flabébé,6,Fée,
670,,Floette,Floette,6,Fée,
672,,Cabriolaine,Skiddo,6,Plante,
674,,Pandespiègle,Pancham,6,Combat,
676,,Couafarel,Furfrou,6,Normal,
677,,Psystigri,Espurr,6,Psy,
678,,Mistigrix - Mâle,Meowstic,6,Psy,
678,,Mistigrix - Femelle,Meowstic-F,6,Psy,
679,,Monorpale,Honedge,6,Acier,Spectre
682,,Fluvetin,Spritzee,6,Fée,
683,,Cocotine,Aromatisse,6,Fée,
684,,Sucroquin,Swirlix,6,Fée,
686,,Sepiatop,Inkay,6,Ténèbres,Psy
688,,Opermine,Binacle,6,Roche,Eau
690,,Venalgue,Skrelp,6,Poison,Eau
692,,Flingouste,Clauncher,6,Eau,
694,,Galvaran,Helioptile,6,Electrik,Normal
696,,Ptyranidur,Tyrunt,6,Roche,Dragon
698,,Amagara,Amaura,6,Roche,Glace
699,,Dragmara,Aurorus,6,Roche,Glace
702,,Dedenne,Dedenne,6,Electrik,Fée
704,,Mucuscule,Goomy,6,Dragon,
705,,Colimucus,Sliggoo,6,Dragon,
708,,Brocélôme,Phantump,6,Spectre,Plante
709,,Desséliande,Trevenant,6,Spectre,Plante
710,,Pitrouille - Taille Normale,Pumpkaboo,6,Spectre,Plante
710,,Pitrouille - Taille Mini,Pumpkaboo-Small,6,Spectre,Plante
710,,Pitrouille - Taille Maxi,Pumpkaboo-Large,6,Spectre,Plante
710,,Pitrouille - Taille Ultra,Pumpkaboo-Super,6,Spectre,Plante
711,,Banshitrouye - Taille Normale,Gourgeist,6,Spectre,Plante
711,,Banshitrouye - Taille Mini,Gourgeist-Small,6,Spectre,Plante
712,,Grelaçon,Bergmite,6,Glace,
714,,Sonistrelle,Noibat,6,Vol,Dragon
722,,Brindibou,Rowlet,7,Plante,Vol
723,,Efflèche,Dartrix,7,Plante,Vol
725,,Flamiaou‎‎,Litten,7,Feu,
726,,Matoufeu,Torracat,7,Feu,
727,,Félinferno,Incineroar,7,Feu,Ténèbres
728,,Otaquin,Popplio,7,Eau,
729,,Otarlette,Brionne,7,Eau,
731,,Picassaut,Pikipek,7,Normal,Vol
732,,Piclairon,Trumbeak,7,Normal,Vol
733,,Bazoucan,Toucannon,7,Normal,Vol
734,,Manglouton,Yungoos,7,Normal,
735,,Argouste,Gumshoos,7,Normal,
736,,Larvibule,Grubbin,7,Insecte,
737,,Chrysapile,Charjabug,7,Insecte,Electrik
738,,Lucanon,Vikavolt,7,Insecte,Electrik
739,,Crabagarre,Crabrawler,7,Combat,
741,F,Plumeline - Style Flamenco,Oricorio,7,Feu,Vol
741,P,Plumeline - Style Pom-Pom,Oricorio-Pom-Pom,7,Electrik,Vol
741,H,Plumeline - Style Hula,Oricorio-Pa'u,7,Psy,Vol
741,B,Plumeline - Style Buyō,Oricorio-Sensu,7,Spectre,Vol
742,,Bombydou,Cutiefly,7,Insecte,Fée
744,,Rocabot,Rockruff,7,Roche,
745,N,Lougaroc - Forme Nocturne,Lycanroc-Midnight,7,Roche,
746,,Froussardine,Wishiwashi,7,Eau,
746,B,Froussardine - Banc,Wishiwashi-School,7,Eau,
747,,Vorastérie,Mareanie,7,Poison,Eau
749,,Tiboudet,Mudbray,7,Sol,
750,,Bourrinos,Mudsdale,7,Sol,
751,,Araqua,Dewpider,7,Eau,Insecte
753,,Mimantis,Fomantis,7,Plante,
754,,Floramantis,Lurantis,7,Plante,
755,,Spododo,Morelull,7,Plante,Fée
756,,Lampignon,Shiinotic,7,Plante,Fée
757,,Tritox,Salandit,7,Poison,Feu
759,,Nounourson,Stufful,7,Normal,Combat
761,,Croquine,Bounsweet,7,Plante,
762,,Candine,Steenee,7,Plante,
763,,Sucreine,Tsareena,7,Plante,
765,,Gouroutan,Oranguru,7,Normal,Psy
766,,Quartermac,Passimian,7,Combat,
767,,Sovkipou,Wimpod,7,Insecte,Eau
769,,Bacabouh,Sandygast,7,Spectre,Sol
770,,Trépassable,Palossand,7,Spectre,Sol
772,,Type: 0,Type: Null,7,Normal,
775,,Dodoala,Komala,7,Normal,
776,,Boumata,Turtonator,7,Feu,Dragon
777,,Togedemaru,Togedemaru,7,Electrik,Acier
782,,Bébécaille,Jangmo-o,7,Dragon,
783,,Écaïd,Hakamo-o,7,Dragon,Combat
789,,Cosmog,Cosmog,7,Psy,
790,,Cosmovum,Cosmoem,7,Psy,
803,,Vémini,Poipole,7,Poison,
94,M,Ectoplasma - Méga-Évolution,Gengar - Mega,1,Spectre,Poison
150,,Mewtwo,Mewtwo,1,Psy,
150,MX,Mewtwo - Méga-Évolution X,Mewtwo-Mega-X,1,Psy,Combat
150,MY,Mewtwo - Méga-Évolution Y,Mewtwo-Mega-Y,1,Psy,
249,,Lugia,Lugia,2,Psy,Vol
250,,Ho-Oh,Ho-Oh,2,Feu,Vol
257,,Braségali,Blaziken,3,Feu,Combat
257,M,Braségali - Méga-Évolution,Blaziken - Mega,3,Feu,Combat
373,M,Drattak - Méga-Évolution,Salamence - Mega,3,Dragon,Vol
382,,Kyogre,Kyogre,3,Eau,
382,P,Kyogre - Primo-Résurgence,Kyogre-Primal,3,Eau,
383,,Groudon,Groudon,3,Sol,
383,P,Groudon - Primo-Résurgence,Groudon-Primal,3,Sol,Feu
384,,Rayquaza,Rayquaza,3,Dragon,Vol
384,M,Rayquaza - Méga-Évolution,Rayquaza - Méga-Évolution,3,Dragon,Vol
386,,Deoxys - Forme Normale,Deoxys,3,Psy,
386,A,Deoxys - Forme Attaque,Deoxys-Attack,3,Psy,
386,D,Deoxys - Forme Défense,Deoxys-Defense,3,Psy,
386,V,Deoxys - Forme Vitesse,Deoxys-Speed,3,Psy,
448,M,Lucario - Méga-Évolution,Lucario - Mega,4,Combat,Acier
483,,Dialga,Dialga,4,Acier,Dragon
484,,Palkia,Palkia,4,Eau,Dragon
487,A,Giratina - Forme Alternative,Giratina,4,Spectre,Dragon
487,O,Giratina - Forme Originelle,Giratina-Origin,4,Spectre,Dragon
492,C,Shaymin - Forme Céleste,Shaymin - Sky Forme,4,Plante,Vol
493,,Arceus,Arceus,4,Normal,
643,,Reshiram,Reshiram,5,Dragon,Feu
644,,Zekrom,Zekrom,5,Dragon,Electrik
646,,Kyurem - Blanc,Kyurem-White,5,Dragon,Glace
716,,Xerneas,Xerneas,6,Fée,
717,,Yveltal,Yveltal,6,Ténèbres,Vol
718,P,Zygarde - Forme 100%,Zygarde-Complete,6,Dragon,Sol
791,,Solgaleo,Solgaleo,7,Psy,Acier
792,,Lunala,Lunala,7,Psy,Spectre
800,U,Ultra Necrozma,Ultra Necrozma,7,Psy,Dragon
800,A,Necrozma Ailes de l'Aurore,Necrozma-Dawn-Wings,7,Psy,Spectre
800,C,Necrozma Crinière du Couchant,Necrozma-Dusk-Mane,7,Psy,Acier
802,,Marshadow,Marshadow,7,Combat,Spectre
804,,Mandrillon,Naganadel,7,Dragon,Poison
